{
  "particles": {
    "number": {
      "value": 80,
      "density": {
        "enable": true,
        "value_area": 631.3181133058181
      }
    },
    "color": {
      "value": "#f23b5c"
    },
    "shape": {
      "type": "circle",
      "stroke": {
        "width": 0,
        "color": "#000000"
      },
      "polygon": {
        "nb_sides": 4
      },
      "image": {
        "src": "img/github.svg",
        "width": 100,
        "height": 100
      }
    },
    "opacity": {
      "value": 0.4419226793140727,
      "random": false,
      "anim": {
        "enable": false,
        "speed": 1,
        "opacity_min": 0.1,
        "sync": false
      }
    },
    "size": {
      "value": 3.945738208161363,
      "random": true,
      "anim": {
        "enable": false,
        "speed": 163.03696303696304,
        "size_min": 0.1,
        "sync": false
      }
    },
    "line_linked": {
      "enable": true,
      "distance": 126.26362266116361,
      "color": "#f23b5c",
      "opacity": 0.10258919341219544,
      "width": 1
    },
    "move": {
      "enable": true,
      "speed": 7.8914764163227265,
      "direction": "none",
      "random": false,
      "straight": false,
      "out_mode": "out",
      "bounce": false,
      "attract": {
        "enable": false,
        "rotateX": 600,
        "rotateY": 631.3181133058181
      }
    }
  },
  "interactivity": {
    "detect_on": "canvas",
    "events": {
      "onhover": {
        "enable": false,
        "mode": "bubble"
      },
      "onclick": {
        "enable": false,
        "mode": "push"
      },
      "resize": true
    },
    "modes": {
      "grab": {
        "distance": 400,
        "line_linked": {
          "opacity": 1
        }
      },
      "bubble": {
        "distance": 400,
        "size": 40,
        "duration": 2,
        "opacity": 8,
        "speed": 3
      },
      "repulse": {
        "distance": 48.72463273808071,
        "duration": 0.4
      },
      "push": {
        "particles_nb": 4
      },
      "remove": {
        "particles_nb": 2
      }
    }
  },
  "retina_detect": true
}